"","source","id","type","date","year","decade","lat","lon","source2","OBJECTID","Tax_ID_Rel","ELCODE","Sci_Name","Com_name","Locational","PODS_UUID","OBJECTID_1","Tax_ID_R_1","ELCODE_1","Sci_Name_1","Com_name_1","Location_1","Observat_1","PODS_UUI_1","Rec_Submis","Rec_Subm_1","Rec_Create","Rec_Crea_1","Rec_Update","Rec_Upda_1","Rec_Upda_2","Biotics_So","Survey_Rec","Survey_For","Survey_Oth","Institute","Accsn_No","Location","Loc_Uncert","SPX","SPY","UTMZone","UTME","UTMN","Latitude","Longitude","Town_Range","Sect","Sect_Comme","Elevation_","Gen_Elevat","County","Gen_County","Mapping_Co","Agency","Observat_2","Observat_3","Species_Ob","Habitat_Ob","Location_U","Unknown_Se","Males","Females","Pairs","Juveniles","Immature","Eggs","Nest","pt_source","Original_S","Original_C","Observat_4","Observers","Dataset","State_X_Fe","State_Y_Fe","HUC12"
"1","ORBIC","ORBIC1","sighting",2000-05-18,2000,"2000s",44.68539786,-119.2156233,"other",124777,3,"AMAFJ01010","Erethizon dorsatum","Common porcupine",2,"e1f62686-7ca9-11e4-b705-f8b156a11174",124777,3,"AMAFJ01010","Erethizon dorsatum","Common porcupine",2,"5/18/2000","e1f62686-7ca9-11e4-b705-f8b156a11174","8/10/2006","Cynthia Kranich","3/26/2007","Lindsey Koepke",NA,NA,NA,"U06MAL01ORUS",673,NA,NA,NA,NA,"District LONG CREEK Subshed INDIAN/SMACKERS CANYON",0,0,0,NA,0,0,NA,NA,"010S029E",22,"NESW",0,0,NA,NA,NA,"Malheur National Forest",0,NA,"Baby porcupine, about the size of a football, under a log.  Indian Creek.",NA,NA,1,0,0,0,0,0,0,0,"township, range and section centroids","ERETHIZON DORSATUM","COMMON PORCUPINE",NA,"C.KRANICH",NA,1646313.187,1072574.16,170702020903
"3","ORBIC","ORBIC2","sighting",1996-06-03,1996,"1990s",42.46360044,-123.2063213,"BLM_GeoBOB",247791,3,"AMAFJ01010","Erethizon dorsatum","Common porcupine",3,"ed63deb8-7ca9-11e4-bafd-f8b156a11174",247791,3,"AMAFJ01010","Erethizon dorsatum","Common porcupine",3,"6/3/1996","ed63deb8-7ca9-11e4-bafd-f8b156a11174","7/12/2005","GB_MIGRATE","12/4/2014","Lindsey Wise",NA,NA,NA,"U14BLM02ORUS",0,NA,"200571216192090187413",NA,NA,NA,0,0,0,10,483038,4701272,42.46360044,-123.2063213,NA,0,NA,0,0,NA,"Jackson",NA,"BLM",1,NA,NA,NA,"Unknown",1,0,0,0,0,0,0,0,"point coordinates","Erethizon dorsatum","Common Porcupine","Visual","P. SWETS","GeoBOB December 2014 full data export from Diane Stutzman",582019.5144,272207.4516,171003080306
"9","ORBIC","ORBIC3","unknown",1994-05-24,1994,"1990s",42.93737147,-123.8632911,"BLM_GeoBOB",261102,2,"AMAFJ01010","Erethizon dorsatum","Common porcupine",3,"eea7f7a1-7ca9-11e4-9a4a-f8b156a11174",261102,2,"AMAFJ01010","Erethizon dorsatum","Common porcupine",3,"5/24/1994","eea7f7a1-7ca9-11e4-9a4a-f8b156a11174","9/15/2005","GB_MIGRATE","12/4/2014","Lindsey Wise",NA,NA,NA,"U14BLM02ORUS",0,NA,"200591585846976111156",NA,NA,NA,0,0,0,10,429563,4754222,42.93737147,-123.8632911,NA,0,NA,0,0,NA,"Coos",NA,"BLM",1,NA,NA,NA,NA,1,0,0,0,0,0,0,0,"point coordinates","Erethizon dorsatum","Common Porcupine","Other","DAVISSON, K.","GeoBOB December 2014 full data export from Diane Stutzman",411894.6929,451307.0403,171003050104
"10","ORBIC","ORBIC4","unknown",1992-04-14,1992,"1990s",43.24575422,-124.041983,"BLM_GeoBOB",261757,2,"AMAFJ01010","Erethizon dorsatum","Common porcupine",3,"eebb0a30-7ca9-11e4-a021-f8b156a11174",261757,2,"AMAFJ01010","Erethizon dorsatum","Common porcupine",3,"4/14/1992","eebb0a30-7ca9-11e4-a021-f8b156a11174","9/15/2005","GB_MIGRATE","12/4/2014","Lindsey Wise",NA,NA,NA,"U14BLM02ORUS",0,NA,"200591585846944111153",NA,NA,NA,0,0,0,10,415409,4788633,43.24575422,-124.041983,NA,0,NA,0,0,NA,"Coos",NA,"BLM",1,NA,"@ NSO CALL PT. # 17, UPJOHN T.S.",NA,NA,1,0,0,0,0,0,0,0,"point coordinates","Erethizon dorsatum","Common Porcupine","Other","WINSLOW, R.","GeoBOB December 2014 full data export from Diane Stutzman",368930.5781,565610.769,171003050403
"11","ORBIC","ORBIC5","sighting",1994-05-02,1994,"1990s",43.06089224,-123.8906526,"BLM_GeoBOB",264693,2,"AMAFJ01010","Erethizon dorsatum","Common porcupine",3,"ef000281-7ca9-11e4-95a3-f8b156a11174",264693,2,"AMAFJ01010","Erethizon dorsatum","Common porcupine",3,"5/2/1994","ef000281-7ca9-11e4-95a3-f8b156a11174","9/15/2005","GB_MIGRATE","12/4/2014","Lindsey Wise",NA,NA,NA,"U14BLM02ORUS",0,NA,"200591585846976111155",NA,NA,NA,0,0,0,10,427476,4767962,43.06089224,-123.8906526,NA,0,NA,0,0,NA,"Coos",NA,"BLM",1,NA,"LARGE... DIDN'T WANT TO LEAVE ROADWAY",NA,NA,1,0,0,0,0,0,0,0,"point coordinates","Erethizon dorsatum","Common Porcupine","Other","DAVISSON, K.","GeoBOB December 2014 full data export from Diane Stutzman",406432.1537,496590.4146,171003050105
"12","ORBIC","ORBIC6","unknown",1993-07-08,1993,"1990s",43.08973083,-123.933005,"BLM_GeoBOB",268996,2,"AMAFJ01010","Erethizon dorsatum","Common porcupine",3,"ef666567-7ca9-11e4-ab2c-f8b156a11174",268996,2,"AMAFJ01010","Erethizon dorsatum","Common porcupine",3,"7/8/1993","ef666567-7ca9-11e4-ab2c-f8b156a11174","9/15/2005","GB_MIGRATE","12/4/2014","Lindsey Wise",NA,NA,NA,"U14BLM02ORUS",0,NA,"200591585846960111154",NA,NA,NA,0,0,0,10,424063,4771202,43.08973083,-123.933005,NA,0,NA,0,0,NA,"Coos",NA,"BLM",1,NA,NA,NA,NA,2,0,0,0,0,0,0,0,"point coordinates","Erethizon dorsatum","Common Porcupine","Other","DAVISSON. K.","GeoBOB December 2014 full data export from Diane Stutzman",395562.5097,507562.2943,171003050109
"13","ORBIC","ORBIC7","sighting",1992-06-16,1992,"1990s",42.19279091,-122.3756721,"BLM_GeoBOB",282409,2,"AMAFJ01010","Erethizon dorsatum","Common porcupine",3,"f0a57561-7ca9-11e4-8f74-f8b156a11174",282409,2,"AMAFJ01010","Erethizon dorsatum","Common porcupine",3,"6/16/1992","f0a57561-7ca9-11e4-8f74-f8b156a11174","7/12/2005","GB_MIGRATE","12/4/2014","Lindsey Wise",NA,NA,NA,"U14BLM02ORUS",0,NA,"200571216196586612",NA,NA,NA,0,0,0,10,551549,4671371,42.19279091,-122.3756721,NA,0,NA,0,0,NA,"Jackson",NA,"BLM",1,NA,NA,NA,"Unknown",1,0,0,0,0,0,0,0,"point coordinates","Erethizon dorsatum","Common Porcupine","Visual","K. CRUMP;JEANINE ROSSA","GeoBOB December 2014 full data export from Diane Stutzman",803871.3916,167254.3328,180102060401
"14","ORBIC","ORBIC8","sighting",2013-07-25,2013,"2010s",43.04712354,-124.0446465,"BLM_GeoBOB",317877,1,"AMAFJ01010","Erethizon dorsatum","Common porcupine",1,"f3f5155b-7ca9-11e4-9772-f8b156a11174",317877,1,"AMAFJ01010","Erethizon dorsatum","Common porcupine",1,"7/25/2013","f3f5155b-7ca9-11e4-9772-f8b156a11174","9/5/2013","AMWARD","12/4/2014","Lindsey Wise",NA,NA,NA,"U14BLM02ORUS",0,NA,"20139512293030592513",NA,NA,NA,0,0,0,10,414917,4766577,NA,NA,NA,0,NA,0,0,NA,"Coos",NA,"BLM",1,NA,"Porqupine seen on an old road in tall grass.",NA,NA,1,0,0,0,0,0,0,0,"point coordinates","Erethizon dorsatum","Common Porcupine","Visual","WARD, ALICIA M.","GeoBOB December 2014 full data export from Diane Stutzman",365097.1031,493314.4468,171003050110
"15","ORBIC","ORBIC9","sighting",1997-07-04,1997,"1990s",43.51116725,-121.9971709,"NRM",323415,1,"AMAFJ01010","Erethizon dorsatum","Common porcupine",2,"f47a71eb-7ca9-11e4-8af8-f8b156a11174",323415,1,"AMAFJ01010","Erethizon dorsatum","Common porcupine",2,"7/4/1997","f47a71eb-7ca9-11e4-8af8-f8b156a11174",NA,NA,"12/5/2014","Lindsey Wise",NA,NA,NA,"U14USF03ORUS",0,NA,"00000581152481787281984622000849",NA,NA,NA,400,0,0,NA,0,0,NA,NA,NA,0,NA,0,0,NA,"Klamath",NA,"USFS",1,NA,"1 SMALL PORCUPINE CROSSING TRAIL ON 6"" DBH LP BLOWDOWNOwner R06F01D02A; SiteID 1192 VisitNo 1;  Activity? Y; Protocol Met? ;      Owner ;TRS: 24 6 10 Qtr16: NWSW;Remarks: on Pretty Lake",NA,"Unknown",1,0,0,0,0,0,0,0,"inside centroid of observation polygon","Erethizon dorsatum","North American Porcupine","Other","(MIGRATED), UNKNOWN (Experienced)",NA,915225.9179,645610.65,170703020205
"16","ORBIC","ORBIC10","sighting",1997-07-29,1997,"1990s",43.46660593,-122.0892785,"NRM",323848,1,"AMAFJ01010","Erethizon dorsatum","Common porcupine",2,"f483e7ec-7ca9-11e4-a6dc-f8b156a11174",323848,1,"AMAFJ01010","Erethizon dorsatum","Common porcupine",2,"7/29/1997","f483e7ec-7ca9-11e4-a6dc-f8b156a11174",NA,NA,"12/5/2014","Lindsey Wise",NA,NA,NA,"U14USF03ORUS",0,NA,"00000573761481283881984622000870",NA,NA,NA,400,0,0,NA,0,0,NA,NA,NA,0,NA,0,0,NA,"Klamath",NA,"USFS",1,NA,"LARGE (3.5' NOSE TO TAIL) PORCUPINE CLIMBED 7"" DBH LP AS I APPROACHEDOwner R06F01D02A; SiteID 1213 VisitNo 1;  Activity? Y; Protocol Met? ;      Owner ;TRS: 24 5.5 26 Qtr16: NESW;Rem",NA,"Unknown",1,0,0,0,0,0,0,0,"inside centroid of observation polygon","Erethizon dorsatum","North American Porcupine","Other","(MIGRATED), UNKNOWN (Experienced)",NA,890484.0681,629832.3401,170703020203
"17","ORBIC","ORBIC11","sign",1994-04-05,1994,"1990s",43.61893032,-121.0175668,"NRM",327525,1,"AMAFJ01010","Erethizon dorsatum","Common porcupine",2,"f4de6403-7ca9-11e4-80d0-f8b156a11174",327525,1,"AMAFJ01010","Erethizon dorsatum","Common porcupine",2,"4/5/1994","f4de6403-7ca9-11e4-80d0-f8b156a11174",NA,NA,"12/5/2014","Lindsey Wise",NA,NA,NA,"U14USF03ORUS",0,NA,"00043061901210016409102007886237",NA,NA,NA,100,0,0,NA,0,0,NA,NA,NA,0,NA,0,0,NA,"Deschutes",NA,"USFS",1,NA,"View Scale at Data Entry 1:11168;
Scat near collapsed cave ent",NA,"Unknown",1,0,0,0,0,0,0,0,"inside centroid of observation polygon","Erethizon dorsatum","North American Porcupine","Excrement","(MIGRATED), LEONARD, K. (Experienced)",NA,1175295.561,681696.3699,171200050501
"18","ORBIC","ORBIC12","sighting",1994-08-17,1994,"1990s",42.95729205,-121.2036774,"NRM",331578,1,"AMAFJ01010","Erethizon dorsatum","Common porcupine",2,"f542f261-7ca9-11e4-924f-f8b156a11174",331578,1,"AMAFJ01010","Erethizon dorsatum","Common porcupine",2,"8/17/1994","f542f261-7ca9-11e4-924f-f8b156a11174",NA,NA,"12/5/2014","Lindsey Wise",NA,NA,NA,"U14USF03ORUS",0,NA,"00000646613475744083954709000247",NA,NA,NA,400,0,0,NA,0,0,NA,NA,NA,0,NA,0,0,NA,"Lake",NA,"USFS",1,NA,"Species Condition is Healthy;  SEEN APPROXIMATELY 1500 FEET FROM 3038 RD, ALONG NORTH FORK SILVER CREEKOwner R06F02A; SiteID 576 VisitNo 1;  Activity? Y; Protocol Met? ;      Owner ;TRS: 30S 13E 20 Qtr16: ;Rem",NA,"Unknown",1,0,0,0,0,0,0,0,"inside centroid of observation polygon","Erethizon dorsatum","North American Porcupine","Other","(MIGRATED), G. LITTLEHALES, B. REED (Experienced)",NA,1123952.824,440929.6404,171200050206
"19","ORBIC","ORBIC13","sighting",1990-06-07,1990,"1990s",42.59933888,-122.1788375,"NRM",332297,0,"AMAFJ01010","Erethizon dorsatum","Common porcupine",2,"f55604e8-7ca9-11e4-9ce2-f8b156a11174",332297,0,"AMAFJ01010","Erethizon dorsatum","Common porcupine",2,"6/7/1990","f55604e8-7ca9-11e4-9ce2-f8b156a11174",NA,NA,"12/5/2014","Lindsey Wise",NA,NA,NA,"U14USF03ORUS",0,NA,"00000567459471645385262326001370",NA,NA,NA,400,0,0,NA,0,0,NA,NA,NA,0,NA,0,0,NA,"Klamath",NA,"USFS",1,NA,"Species Condition is Healthy;  Owner R06F20A; SiteID 1621 VisitNo 1;  Activity? Y; Protocol Met? ;  Habitat is Mixed Coniferous Forest (SW) (102);    Owner ;TRS: 34S 05E 24 Qtr16: ;Rem",NA,"Unknown",1,0,0,0,0,0,0,0,"inside centroid of observation polygon","Erethizon dorsatum","North American Porcupine","Visual","(MIGRATED), MENANNO (Unknown)",NA,860252.1709,314271.96,180102030301
"20","ORBIC","ORBIC14","carcass",1990-05-15,1990,"1990s",42.56882884,-122.1783737,"NRM",332783,0,"AMAFJ01010","Erethizon dorsatum","Common porcupine",2,"f561ebc5-7ca9-11e4-87ca-f8b156a11174",332783,0,"AMAFJ01010","Erethizon dorsatum","Common porcupine",2,"5/15/1990","f561ebc5-7ca9-11e4-87ca-f8b156a11174",NA,NA,"12/5/2014","Lindsey Wise",NA,NA,NA,"U14USF03ORUS",0,NA,"00000567530471306585262326001371",NA,NA,NA,400,0,0,NA,0,0,NA,NA,NA,0,NA,0,0,NA,"Klamath",NA,"USFS",1,NA,"Species Condition is Dead;  Owner R06F20A; SiteID 1622 VisitNo 1;  Activity? Y; Protocol Met? ;  Habitat is Mixed Coniferous Forest (SW) (102);    Owner ;TRS: 34S 05E 36 Qtr16: ;Rem",NA,"Unknown",1,0,0,0,0,0,0,0,"inside centroid of observation polygon","Erethizon dorsatum","North American Porcupine","Visual","(MIGRATED), MENANNO (Unknown)",NA,860149.718,303150.3117,180102030303
"21","ORBIC","ORBIC15","carcass",1994-05-20,1994,"1990s",42.72572906,-122.075054,"NRM",333633,1,"AMAFJ01010","Erethizon dorsatum","Common porcupine",2,"f574fece-7ca9-11e4-93c0-f8b156a11174",333633,1,"AMAFJ01010","Erethizon dorsatum","Common porcupine",2,"5/20/1994","f574fece-7ca9-11e4-93c0-f8b156a11174",NA,NA,"12/5/2014","Lindsey Wise",NA,NA,NA,"U14USF03ORUS",0,NA,"00000575820473057585262326000715",NA,NA,NA,400,0,0,NA,0,0,NA,NA,NA,0,NA,0,0,NA,"Klamath",NA,"USFS",1,NA,"Species Condition is Dead;  Owner R06F20A; SiteID 834 VisitNo 1;  Activity? Y; Protocol Met? ;  Habitat is Mixed Coniferous Forest (SW) (102);    Owner ;TRS: 33S 06E 12 Qtr16: ;Remarks: crossing rd",NA,"Unknown",1,0,0,0,0,0,0,0,"inside centroid of observation polygon","Erethizon dorsatum","North American Porcupine","Visual","(MIGRATED), SID HIGH (Experienced)",NA,889079.4134,359779.8933,180102030105
"22","ORBIC","ORBIC16","unknown",1972-05-19,1972,"1970s",45.10784766,-121.9793703,"NRM",346057,0,"AMAFJ01010","Erethizon dorsatum","Common porcupine",2,"f6ac460e-7ca9-11e4-8298-f8b156a11174",346057,0,"AMAFJ01010","Erethizon dorsatum","Common porcupine",2,"5/19/1972","f6ac460e-7ca9-11e4-8298-f8b156a11174",NA,NA,"12/5/2014","Lindsey Wise",NA,NA,NA,"U14USF03ORUS",0,NA,"00000580386499523984816863003793",NA,NA,NA,400,0,0,NA,0,0,NA,NA,NA,0,NA,0,0,NA,"Clackamas",NA,"USFS",1,NA,"Species Condition is Unknown;  Owner R06F06D05A; SiteID 73803 VisitNo 1;  Activity? ; Protocol Met? ;      Owner ;TRS: 5S 7E 29 Qt",NA,"Unknown",2,0,0,0,0,0,0,0,"inside centroid of observation polygon","Erethizon dorsatum","North American Porcupine","Other","(MIGRATED), RD (Unknown)",NA,930432.3376,1227398.344,170900110306
"23","ORBIC","ORBIC17","sighting",1994-07-13,1994,"1990s",44.98458006,-122.00882,"NRM",346798,0,"AMAFJ01010","Erethizon dorsatum","Common porcupine",2,"f6bce81a-7ca9-11e4-a0ae-f8b156a11174",346798,0,"AMAFJ01010","Erethizon dorsatum","Common porcupine",2,"7/13/1994","f6bce81a-7ca9-11e4-a0ae-f8b156a11174",NA,NA,"12/5/2014","Lindsey Wise",NA,NA,NA,"U14USF03ORUS",0,NA,"00000578237498151684816863004146",NA,NA,NA,400,0,0,NA,0,0,NA,NA,NA,0,NA,0,0,NA,"Clackamas",NA,"USFS",1,NA,"Species Condition is Healthy;                       forest                                   roadOwner R06F06D05A; SiteID 74379 VisitNo 1;  Activity? ; Protocol Met? ;      Owner ;TRS: 7S 7E 6 Qtr16:",NA,"Unknown",1,0,0,0,0,0,0,0,"inside centroid of observation polygon","Erethizon dorsatum","North American Porcupine","Other","(MIGRATED), LESLIE MEAD (Unknown)",NA,922004.9316,1182606.308,170900110107
"24","ORBIC","ORBIC18","unknown",1969-09-14,1969,"1960s",45.03279695,-121.8785755,"NRM",350393,0,"AMAFJ01010","Erethizon dorsatum","Common porcupine",2,"f714f32f-7ca9-11e4-9232-f8b156a11174",350393,0,"AMAFJ01010","Erethizon dorsatum","Common porcupine",2,"9/14/1969","f714f32f-7ca9-11e4-9232-f8b156a11174",NA,NA,"12/5/2014","Lindsey Wise",NA,NA,NA,"U14USF03ORUS",0,NA,"00000588431498700784816863003792",NA,NA,NA,400,0,0,NA,0,0,NA,NA,NA,0,NA,0,0,NA,"Clackamas",NA,"USFS",1,NA,"Species Condition is Unknown;  Owner R06F06D05A; SiteID 73802 VisitNo 1;  Activity? ; Protocol Met? ;      Owner ;TRS: 6S 8E 19 Qt",NA,"Unknown",1,0,0,0,0,0,0,0,"inside centroid of observation polygon","Erethizon dorsatum","North American Porcupine","Other","(MIGRATED), DG (Unknown)",NA,955990.7114,1199588.851,170900110305
"25","ORBIC","ORBIC19","carcass",2008-08-26,2008,"2000s",44.46734838,-121.1624282,"NRM",352005,1,"AMAFJ01010","Erethizon dorsatum","Common porcupine",0,"f73d898d-7ca9-11e4-b01f-f8b156a11174",352005,1,"AMAFJ01010","Erethizon dorsatum","Common porcupine",0,"8/26/2008","f73d898d-7ca9-11e4-b01f-f8b156a11174",NA,NA,"12/5/2014","Lindsey Wise",NA,NA,NA,"U14USF03ORUS",0,NA,"42523c43-745b-40f6-b885-6d5a60472336",NA,NA,NA,0,0,0,NA,0,0,NA,NA,NA,0,NA,0,0,NA,"Jefferson",NA,"USFS",1,NA,NA,NA,"Failed Reproduction",1,0,0,0,0,0,0,0,"inside centroid of observation polygon","Erethizon dorsatum","North American Porcupine","Found Dead","RHOADES, JODIE (Experienced)",NA,1139435.7,991178.7755,170703051101
"26","ORBIC","ORBIC20","sighting",1997-01-13,1997,"1990s",44.48948336,-121.0462065,"NRM",352174,0,"AMAFJ01010","Erethizon dorsatum","Common porcupine",0,"f73fd3c2-7ca9-11e4-867f-f8b156a11174",352174,0,"AMAFJ01010","Erethizon dorsatum","Common porcupine",0,"1/13/1997","f73fd3c2-7ca9-11e4-867f-f8b156a11174",NA,NA,"12/5/2014","Lindsey Wise",NA,NA,NA,"U14USF03ORUS",0,NA,"05db7b6e-8046-45d2-b532-fcac04c039c3",NA,NA,NA,0,0,0,NA,0,0,NA,NA,NA,0,NA,0,0,NA,"Jefferson",NA,"USFS",1,NA,NA,NA,"Unknown",1,0,0,0,0,0,0,0,"inside centroid of observation polygon","Erethizon dorsatum","North American Porcupine","Visual","(MIGRATED), USFS EMPLOYEE (Unknown)",NA,1169823.409,999023.2503,170703060202
"27","ORBIC","ORBIC21","carcass",2008-10-01,2008,"2000s",44.47856654,-121.1179863,"NRM",352379,1,"AMAFJ01010","Erethizon dorsatum","Common porcupine",0,"f746ff6a-7ca9-11e4-b83e-f8b156a11174",352379,1,"AMAFJ01010","Erethizon dorsatum","Common porcupine",0,"10/1/2008","f746ff6a-7ca9-11e4-b83e-f8b156a11174",NA,NA,"12/5/2014","Lindsey Wise",NA,NA,NA,"U14USF03ORUS",0,NA,"a18fd7ce-5299-4e0a-a2ad-5a255e20e930",NA,NA,NA,0,0,0,NA,0,0,NA,NA,NA,0,NA,0,0,NA,"Jefferson",NA,"USFS",1,NA,NA,NA,"Unknown",1,0,0,0,0,0,0,0,"inside centroid of observation polygon","Erethizon dorsatum","North American Porcupine","Found Dead","RHOADES, JODIE (Experienced)",NA,1151065.834,995177.0894,170703060204
"28","ORBIC","ORBIC22","sighting",1994-05-25,1994,"1990s",44.52732339,-120.5759113,"NRM",352635,3,"AMAFJ01010","Erethizon dorsatum","Common porcupine",2,"f74bbaa8-7ca9-11e4-b0b6-f8b156a11174",352635,3,"AMAFJ01010","Erethizon dorsatum","Common porcupine",2,"5/25/1994","f74bbaa8-7ca9-11e4-b0b6-f8b156a11174",NA,NA,"12/5/2014","Lindsey Wise",NA,NA,NA,"U14USF03ORUS",0,NA,"00000692715493310485423816001005",NA,NA,NA,150,0,0,NA,0,0,NA,NA,NA,0,NA,0,0,NA,"Crook",NA,"USFS",1,NA,"Species Condition is Healthy;  Owner R06F07D03A; SiteID 648 VisitNo 1;  Activity? Y; Protocol Met? ;  Habitat is Riparian (listed in 101 and 103);    Owner USFS;TRS: 12S 18E 16 Qtr16: ;Remarks: trout Creek Ri",NA,"Unknown",1,0,0,0,0,0,0,0,"inside centroid of observation polygon","Erethizon dorsatum","North American Porcupine","Visual","(MIGRATED), A.FLOCK (Limited Experience)",NA,1292540.042,1012350.696,170703070103
"29","ORBIC","ORBIC23","sighting",1990-09-17,1990,"1990s",44.52509313,-120.5763404,"NRM",353248,1,"AMAFJ01010","Erethizon dorsatum","Common porcupine",2,"f75c5c27-7ca9-11e4-8a5e-f8b156a11174",353248,1,"AMAFJ01010","Erethizon dorsatum","Common porcupine",2,"9/17/1990","f75c5c27-7ca9-11e4-8a5e-f8b156a11174",NA,NA,"12/5/2014","Lindsey Wise",NA,NA,NA,"U14USF03ORUS",0,NA,"00000692689493285685423816000996",NA,NA,NA,150,0,0,NA,0,0,NA,NA,NA,0,NA,0,0,NA,"Crook",NA,"USFS",1,NA,"Species Condition is Healthy;  Owner R06F07D03A; SiteID 638 VisitNo 1;  Activity? Y; Protocol Met? ;      Owner USFS;Rem",NA,"Unknown",1,0,0,0,0,0,0,0,"inside centroid of observation polygon","Erethizon dorsatum","North American Porcupine","Visual","(MIGRATED), W.CARTER (Experienced)",NA,1292427.387,1011537.886,170703070103
"30","ORBIC","ORBIC24","sighting",1994-09-13,1994,"1990s",43.96634958,-120.2689103,"NRM",353376,1,"AMAFJ01010","Erethizon dorsatum","Common porcupine",2,"f75ecd40-7ca9-11e4-90cf-f8b156a11174",353376,1,"AMAFJ01010","Erethizon dorsatum","Common porcupine",2,"9/13/1994","f75ecd40-7ca9-11e4-90cf-f8b156a11174",NA,NA,"12/5/2014","Lindsey Wise",NA,NA,NA,"U14USF03ORUS",0,NA,"00000719183487156485423816001357",NA,NA,NA,150,0,0,NA,0,0,NA,NA,NA,0,NA,0,0,NA,"Crook",NA,"USFS",1,NA,"Species Condition is Healthy;  Owner R06F07D03A; SiteID 1125 VisitNo 1;  Activity? Y; Protocol Met? ;      Owner ;TRS: 18S 20E 36 Qtr16: ;Remarks: 1",NA,"Unknown",2,0,0,0,0,0,0,0,"inside centroid of observation polygon","Erethizon dorsatum","North American Porcupine","Visual","(MIGRATED), T.SHINN (Experienced)",NA,1373163.619,807968.1554,170703040102
"31","ORBIC","ORBIC25","sighting",1989-05-08,1989,"1980s",44.23956209,-119.8569856,"NRM",355192,1,"AMAFJ01010","Erethizon dorsatum","Common porcupine",2,"f789adbb-7ca9-11e4-ba96-f8b156a11174",355192,1,"AMAFJ01010","Erethizon dorsatum","Common porcupine",2,"5/8/1989","f789adbb-7ca9-11e4-ba96-f8b156a11174",NA,NA,"12/5/2014","Lindsey Wise",NA,NA,NA,"U14USF03ORUS",0,NA,"00000751069490308885423816002042",NA,NA,NA,150,0,0,NA,0,0,NA,NA,NA,0,NA,0,0,NA,"Crook",NA,"USFS",1,NA,"RAN UP TREEOwner R06F07D02A; SiteID 1801 VisitNo 1; Visit Purpose is General Survey Visit; Activity? Y; Protocol Met? ; Site Status is Active;     Owner PVT;TRS: 15S 24E 28 Qtr16: NWSW;Rem",NA,"Unknown",1,0,0,0,0,0,0,0,"inside centroid of observation polygon","Erethizon dorsatum","North American Porcupine","Visual","(MIGRATED), S.CHRISTY (Experienced)",NA,1480814.185,908118.0118,170703030902
"32","ORBIC","ORBIC26","sighting",2002-06-22,2002,"2000s",44.19116317,-119.8584139,"NRM",355546,1,"AMAFJ01010","Erethizon dorsatum","Common porcupine",2,"f790d9d6-7ca9-11e4-ae60-f8b156a11174",355546,1,"AMAFJ01010","Erethizon dorsatum","Common porcupine",2,"6/22/2002","f790d9d6-7ca9-11e4-ae60-f8b156a11174",NA,NA,"12/5/2014","Lindsey Wise",NA,NA,NA,"U14USF03ORUS",0,NA,"00000751161489770785423816002561",NA,NA,NA,60,0,0,NA,0,0,NA,NA,NA,0,NA,0,0,NA,"Crook",NA,"USFS",1,NA,"WALKING DOWN BEAVER CREEK ON PRIVATE LANDOwner R06F07D02A; SiteID 3353 VisitNo 1;  Activity? Y; Protocol Met? ;      Owner PVT;TRS: 16S 24E 16 Qtr16: NWNW;Rem",NA,"Unknown",1,0,0,0,0,0,0,0,"inside centroid of observation polygon","Erethizon dorsatum","North American Porcupine","Visual","(MIGRATED), RENEE ROUFS (Experienced)",NA,1480577.791,890475.7587,170703030904
"33","ORBIC","ORBIC27","sighting",1991-05-29,1991,"1990s",42.32201906,-122.315463,"NRM",357121,1,"AMAFJ01010","Erethizon dorsatum","Common porcupine",2,"f7b94931-7ca9-11e4-9be8-f8b156a11174",357121,1,"AMAFJ01010","Erethizon dorsatum","Common porcupine",2,"5/29/1991","f7b94931-7ca9-11e4-9be8-f8b156a11174",NA,NA,"12/5/2014","Lindsey Wise",NA,NA,NA,"U14USF03ORUS",0,NA,"00000556500468556083955246000053",NA,NA,NA,150,0,0,NA,0,0,NA,NA,NA,0,NA,0,0,NA,"Jackson",NA,"USFS",1,NA,"Species Condition is Healthy; IdentMark is None; Owner R06F10D02A; SiteID 281 VisitNo 1;  Activity? Y; Protocol Met? ;      Owner ;TRS: 37S 4E 26 Qtr16: SE;Remarks: PLAN",NA,"Unknown",1,0,0,0,0,0,0,0,"inside centroid of observation polygon","Erethizon dorsatum","North American Porcupine","Visual","(MIGRATED), COWARD/BROWN (Experienced)",NA,821231.9487,213987.4966,171003070803
"34","ORBIC","ORBIC28","sighting",1991-06-26,1991,"1990s",42.25293452,-122.2992388,"NRM",357708,1,"AMAFJ01010","Erethizon dorsatum","Common porcupine",2,"f7c77a0e-7ca9-11e4-b37b-f8b156a11174",357708,1,"AMAFJ01010","Erethizon dorsatum","Common porcupine",2,"6/26/1991","f7c77a0e-7ca9-11e4-b37b-f8b156a11174",NA,NA,"12/5/2014","Lindsey Wise",NA,NA,NA,"U14USF03ORUS",0,NA,"00000557900467790083955246000052",NA,NA,NA,150,0,0,NA,0,0,NA,NA,NA,0,NA,0,0,NA,"Jackson",NA,"USFS",1,NA,"Species Condition is Healthy; IdentMark is None; Owner R06F10D02A; SiteID 280 VisitNo 1;  Activity? Y; Protocol Met? ;  Habitat is Human Constructed (100);    Owner ;TRS: 38S 4E 24 Qtr16: NW;Remarks: 1 MILE IN ON 600 IN PARTI",NA,"Unknown",1,0,0,0,0,0,0,0,"inside centroid of observation polygon","Erethizon dorsatum","North American Porcupine","Visual","(MIGRATED), TAYLOR/SEDA (Experienced)",NA,825068.1819,188711.7115,171003070804
"35","ORBIC","ORBIC29","sighting",1991-06-26,1991,"1990s",42.25293452,-122.2992388,"NRM",357895,1,"AMAFJ01010","Erethizon dorsatum","Common porcupine",2,"f7cc5c0c-7ca9-11e4-aa3c-f8b156a11174",357895,1,"AMAFJ01010","Erethizon dorsatum","Common porcupine",2,"6/26/1991","f7cc5c0c-7ca9-11e4-aa3c-f8b156a11174",NA,NA,"12/5/2014","Lindsey Wise",NA,NA,NA,"U14USF03ORUS",0,NA,"00042025301220298109112005830900",NA,NA,NA,100,0,0,NA,0,0,NA,NA,NA,0,NA,0,0,NA,"Jackson",NA,"USFS",1,NA,"View Scale at Data Entry 1:14",NA,"Unknown",1,0,0,0,0,0,0,0,"inside centroid of observation polygon","Erethizon dorsatum","North American Porcupine","Visual","(MIGRATED), LAUREN TAYLOR (Experienced)",NA,825068.1819,188711.7115,171003070804
"36","ORBIC","ORBIC30","sighting",1991-05-29,1991,"1990s",42.32201906,-122.315463,"NRM",358163,1,"AMAFJ01010","Erethizon dorsatum","Common porcupine",2,"f7d1174d-7ca9-11e4-a312-f8b156a11174",358163,1,"AMAFJ01010","Erethizon dorsatum","Common porcupine",2,"5/29/1991","f7d1174d-7ca9-11e4-a312-f8b156a11174",NA,NA,"12/5/2014","Lindsey Wise",NA,NA,NA,"U14USF03ORUS",0,NA,"00042032211220314308112005608596",NA,NA,NA,100,0,0,NA,0,0,NA,NA,NA,0,NA,0,0,NA,"Jackson",NA,"USFS",1,NA,"View Scale at Data Entry 1:18",NA,"Unknown",1,0,0,0,0,0,0,0,"inside centroid of observation polygon","Erethizon dorsatum","North American Porcupine","Visual","(MIGRATED), PHIL COLVARD (Experienced)",NA,821231.9487,213987.4966,171003070803
"37","ORBIC","ORBIC31","sighting",1979-03-15,1979,"1970s",42.76027445,-124.0185942,"NRM",359975,0,"AMAFJ01010","Erethizon dorsatum","Common porcupine",2,"f800b276-7ca9-11e4-99ff-f8b156a11174",359975,0,"AMAFJ01010","Erethizon dorsatum","Common porcupine",2,"3/15/1979","f800b276-7ca9-11e4-99ff-f8b156a11174",NA,NA,"12/5/2014","Lindsey Wise",NA,NA,NA,"U14USF03ORUS",0,NA,"00000416750473450082483334012721",NA,NA,NA,60,0,0,NA,0,0,NA,NA,NA,0,NA,0,0,NA,"Coos",NA,"USFS",1,NA,"FEEDING IN ALDER.Owner R06F11A; SiteID 50665 VisitNo 50665;  Activity? Y; Protocol Met? ;  Habitat is Mixed Coniferous Forest (SW) (102); Seral Stage open sapling/pole stand condition,16-30 yrs shrub understory common;   Elev 3159 ft;Owner USFS;Pl",NA,"Unknown",1,0,0,0,0,0,0,0,"inside centroid of observation polygon","Erethizon dorsatum","North American Porcupine","Other","(MIGRATED), J.DEDERICK/G.PATTON (Unknown)",NA,367575.5208,388558.8728,171003050203
"38","ORBIC","ORBIC32","unknown",1978-07-07,1978,"1970s",42.84943008,-124.0677896,"NRM",360002,0,"AMAFJ01010","Erethizon dorsatum","Common porcupine",1,"f800b291-7ca9-11e4-8d0e-f8b156a11174",360002,0,"AMAFJ01010","Erethizon dorsatum","Common porcupine",1,"7/7/1978","f800b291-7ca9-11e4-8d0e-f8b156a11174",NA,NA,"12/5/2014","Lindsey Wise",NA,NA,NA,"U14USF03ORUS",0,NA,"00000412850474445082483334012722",NA,NA,NA,0,0,0,NA,0,0,NA,NA,NA,0,NA,0,0,NA,"Coos",NA,"USFS",1,NA,"2 ALONG ROAD; NO DAY OR MONTH GIVENOwner R06F11A; SiteID 50666 VisitNo 50666;  Activity? Y; Protocol Met? ;      Owner PVT;Rem",NA,"Unknown",2,0,0,0,0,0,0,0,"inside centroid of observation polygon","Erethizon dorsatum","North American Porcupine","Other","(MIGRATED), H.PUFFENBARGER (Unknown)",NA,355786.2681,421594.8573,171003050205
"39","ORBIC","ORBIC33","sighting",1991-07-09,1991,"1990s",42.81937286,-124.0160163,"NRM",360068,0,"AMAFJ01010","Erethizon dorsatum","Common porcupine",2,"f800b2d3-7ca9-11e4-8cfc-f8b156a11174",360068,0,"AMAFJ01010","Erethizon dorsatum","Common porcupine",2,"7/9/1991","f800b2d3-7ca9-11e4-8cfc-f8b156a11174",NA,NA,"12/5/2014","Lindsey Wise",NA,NA,NA,"U14USF03ORUS",0,NA,"00000417040474106082483334013553",NA,NA,NA,60,0,0,NA,0,0,NA,NA,NA,0,NA,0,0,NA,"Coos",NA,"USFS",1,NA,"WALKED ON SIDE OF THE ROADOwner R06F11A; SiteID 51897 VisitNo 51897;  Activity? Y; Protocol Met? ;  Habitat is Mixed Coniferous Forest (SW) (102); Seral Stage is closed sapling/ pole/ sawtimber stand condition, 31-120 yrs;   Elev 1089 ft;Owner USF",NA,"Unknown",1,0,0,0,0,0,0,0,"inside centroid of observation polygon","Erethizon dorsatum","North American Porcupine","Other","(MIGRATED), DAVE DOYLE (Unknown)",NA,369189.4509,410050.5234,171003050203
"40","ORBIC","ORBIC34","sighting",1980-07-01,1980,"1980s",42.82383462,-124.0104619,"NRM",360142,0,"AMAFJ01010","Erethizon dorsatum","Common porcupine",2,"f802fca8-7ca9-11e4-ab5d-f8b156a11174",360142,0,"AMAFJ01010","Erethizon dorsatum","Common porcupine",2,"7/1/1980","f802fca8-7ca9-11e4-ab5d-f8b156a11174",NA,NA,"12/5/2014","Lindsey Wise",NA,NA,NA,"U14USF03ORUS",0,NA,"00000417500474155082483334012719",NA,NA,NA,60,0,0,NA,0,0,NA,NA,NA,0,NA,0,0,NA,"Coos",NA,"USFS",1,NA,"RUNNING ALONG ROAD TRYING TO GET AWAY FROM TRUCKOwner R06F11A; SiteID 50663 VisitNo 50663;  Activity? Y; Protocol Met? ;  Habitat is Mixed Coniferous Forest (SW) (102); Seral Stage is mature sawtimber/trees >18"" dbh, 121-200 yrs;   Elev 800 ft;Own",NA,"Unknown",1,0,0,0,0,0,0,0,"inside centroid of observation polygon","Erethizon dorsatum","North American Porcupine","Other","(MIGRATED), STRECKER/TURNER (Unknown)",NA,370747.9967,411611.5544,171003050204
"41","ORBIC","ORBIC35","unknown",1978-10-10,1978,"1970s",42.80627381,-124.0603202,"NRM",360604,0,"AMAFJ01010","Erethizon dorsatum","Common porcupine",2,"f80ee353-7ca9-11e4-90aa-f8b156a11174",360604,0,"AMAFJ01010","Erethizon dorsatum","Common porcupine",2,"10/10/1978","f80ee353-7ca9-11e4-90aa-f8b156a11174",NA,NA,"12/5/2014","Lindsey Wise",NA,NA,NA,"U14USF03ORUS",0,NA,"00000413400473965082483334012723",NA,NA,NA,150,0,0,NA,0,0,NA,NA,NA,0,NA,0,0,NA,"Coos",NA,"USFS",1,NA,"NO DAY GIVENOwner R06F11A; SiteID 50667 VisitNo 50667;  Activity? Y; Protocol Met? ;  Habitat is Mixed Coniferous Forest (SW) (102); Seral Stage is closed sapling/ pole/ sawtimber stand condition, 31-120 yrs;   Elev 2178 ft;Owner PVT;Plan Area: PV",NA,"Unknown",1,0,0,0,0,0,0,0,"inside centroid of observation polygon","Erethizon dorsatum","North American Porcupine","Other","(MIGRATED), H.PUFFENBARGER (Unknown)",NA,357105.7123,405792.6412,171003050205
"42","ORBIC","ORBIC36","sighting",1979-07-28,1979,"1970s",42.83814669,-124.0706544,"NRM",361822,0,"AMAFJ01010","Erethizon dorsatum","Common porcupine",2,"f82b930d-7ca9-11e4-9c3f-f8b156a11174",361822,0,"AMAFJ01010","Erethizon dorsatum","Common porcupine",2,"7/28/1979","f82b930d-7ca9-11e4-9c3f-f8b156a11174",NA,NA,"12/5/2014","Lindsey Wise",NA,NA,NA,"U14USF03ORUS",0,NA,"00000412600474320082483334012720",NA,NA,NA,150,0,0,NA,0,0,NA,NA,NA,0,NA,0,0,NA,"Coos",NA,"USFS",1,NA,"SAW IT AT NIGHT WALKING UP ROAD, CHASED IT DOWN OFF ROAD.Owner R06F11A; SiteID 50664 VisitNo 50664;  Activity? Y; Protocol Met? ;   Seral Stage is closed sapling/ pole/ sawtimber stand condition, 31-120 yrs;   Elev 1620 ft;Owner PVT;Rem",NA,"Unknown",1,0,0,0,0,0,0,0,"inside centroid of observation polygon","Erethizon dorsatum","North American Porcupine","Other","(MIGRATED), TURNER (Unknown)",NA,354839.8819,417519.4593,171003050205
"43","ORBIC","ORBIC37","unknown",1991-08-05,1991,"1990s",42.07987546,-124.1605776,"NRM",363873,0,"AMAFJ01010","Erethizon dorsatum","Common porcupine",2,"f85b2ea6-7ca9-11e4-96fe-f8b156a11174",363873,0,"AMAFJ01010","Erethizon dorsatum","Common porcupine",2,"8/5/1991","f85b2ea6-7ca9-11e4-96fe-f8b156a11174",NA,NA,"12/5/2014","Lindsey Wise",NA,NA,NA,"U14USF03ORUS",0,NA,"00000404100465910082483332002596",NA,NA,NA,60,0,0,NA,0,0,NA,NA,NA,0,NA,0,0,NA,"Curry",NA,"USFS",1,NA,"Owner R06F11A; SiteID 10482 VisitNo 10482;  Activity? Y; Protocol Met? ;  Habitat is Mixed Coniferous Forest (SW) (102); Seral Stage is Mature/Old Growth conditions, 200+ years;   Elev 1099 ft;Owner USFS;TRS: 40S 12W 19 Qtr16: NENE;Plan Area: R Ac",NA,"Unknown",1,0,0,0,0,0,0,0,"inside centroid of observation polygon","Erethizon dorsatum","North American Porcupine","Other","(MIGRATED), C.DILLINGHAM/D.BLUMENTHAL (Unknown)",NA,318422.2959,142439.6948,171003120109
"44","ORBIC","ORBIC38","unknown",1990-08-31,1990,"1990s",42.12365069,-124.1952512,"NRM",364790,0,"AMAFJ01010","Erethizon dorsatum","Common porcupine",2,"f8708b7e-7ca9-11e4-974e-f8b156a11174",364790,0,"AMAFJ01010","Erethizon dorsatum","Common porcupine",2,"8/31/1990","f8708b7e-7ca9-11e4-974e-f8b156a11174",NA,NA,"12/5/2014","Lindsey Wise",NA,NA,NA,"U14USF03ORUS",0,NA,"00000401300466400082483332002266",NA,NA,NA,60,0,0,NA,0,0,NA,NA,NA,0,NA,0,0,NA,"Curry",NA,"USFS",1,NA,"OUTSIDE THE FOREST BOUNDRY.  WEST SIDE OF FIRST BRIDGE, JUST BEFORE FOREST BOUNDOwner R06F11A; SiteID 10190 VisitNo 10190;  Activity? Y; Protocol Met? ;  Habitat is Evergreen Hardwood (102) Seral Stage open sapling/pole stand condition,16-30 yrs s",NA,"Unknown",1,0,0,0,0,0,0,0,"inside centroid of observation polygon","Erethizon dorsatum","North American Porcupine","Other","(MIGRATED), E.VORISEK (Unknown)",NA,309732.2194,158805.1119,171003120109
"45","ORBIC","ORBIC39","unknown",1980-07-01,1980,"1980s",42.7874756,-123.888214,"NRM",370220,0,"AMAFJ01010","Erethizon dorsatum","Common porcupine",3,"f8f5e7f2-7ca9-11e4-bfd2-f8b156a11174",370220,0,"AMAFJ01010","Erethizon dorsatum","Common porcupine",3,"7/1/1980","f8f5e7f2-7ca9-11e4-bfd2-f8b156a11174",NA,NA,"12/5/2014","Lindsey Wise",NA,NA,NA,"U14USF03ORUS",0,NA,"00000427450473740082483334012718",NA,NA,NA,900,0,0,NA,0,0,NA,NA,NA,0,NA,0,0,NA,"Coos",NA,"USFS",1,NA,"IN DRY REPROD BELOW CLEARCUT.Owner R06F11A; SiteID 50662 VisitNo 50662;  Activity? Y; Protocol Met? ;  Habitat is Mixed Coniferous Forest (SW) (102); Seral Stage is closed sapling/ pole/ sawtimber stand condition, 31-120 yrs;   Elev 2434 ft;Owner",NA,"Unknown",1,0,0,0,0,0,0,0,"inside centroid of observation polygon","Erethizon dorsatum","North American Porcupine","Other","(MIGRATED), R.TURNER (Unknown)",NA,402971.9352,396992.6555,171003050201
"46","ORBIC","ORBIC40","sighting",1992-08-30,1992,"1990s",44.85981013,-118.7599874,"NRM",385756,0,"AMAFJ01010","Erethizon dorsatum","Common porcupine",2,"fa825498-7ca9-11e4-ab0a-f8b156a11174",385756,0,"AMAFJ01010","Erethizon dorsatum","Common porcupine",2,"8/30/1992","fa825498-7ca9-11e4-ab0a-f8b156a11174",NA,NA,"12/5/2014","Lindsey Wise",NA,NA,NA,"U14USF03ORUS",0,NA,"00044085991180758921042004429117",NA,NA,NA,200,0,0,NA,0,0,NA,NA,NA,0,NA,0,0,NA,"Grant",NA,"USFS",1,NA,"Observation coordinates entered manually.
Coordinates Manually Changed 4/21/20",NA,"Unknown",1,0,0,0,0,0,0,0,"inside centroid of observation polygon","Erethizon dorsatum","North American Porcupine","Visual","YOUNG, A. (Unknown)",NA,1763426.238,1138316.419,170702020402
"47","ORBIC","ORBIC41","sign",2004-05-26,2004,"2000s",44.99455971,-118.9724428,"NRM",385827,1,"AMAFJ01010","Erethizon dorsatum","Common porcupine",0,"fa84c584-7ca9-11e4-9d88-f8b156a11174",385827,1,"AMAFJ01010","Erethizon dorsatum","Common porcupine",0,"5/26/2004","fa84c584-7ca9-11e4-9d88-f8b156a11174",NA,NA,"12/5/2014","Lindsey Wise",NA,NA,NA,"U14USF03ORUS",0,NA,"5565AA99699C00001E8F15AD3C061AEB",NA,NA,NA,0,0,0,NA,0,0,NA,NA,NA,0,NA,0,0,NA,"Umatilla",NA,"USFS",1,NA,"DXDS_CN: 14902 CMN_OBS_CN_LINK: obsTWI213033002280",NA,"Unknown",1,0,0,0,0,0,0,0,"inside centroid of observation polygon","Erethizon dorsatum","North American Porcupine","Excrement","DENNY, MIKE (Experienced)",NA,1707440.776,1186333.368,170702020703
"48","ORBIC","ORBIC42","sign",2004-08-12,2004,"2000s",45.92424515,-117.6351596,"NRM",385890,1,"AMAFJ01010","Erethizon dorsatum","Common porcupine",0,"fa87366c-7ca9-11e4-9a3c-f8b156a11174",385890,1,"AMAFJ01010","Erethizon dorsatum","Common porcupine",0,"8/12/2004","fa87366c-7ca9-11e4-9a3c-f8b156a11174",NA,NA,"12/5/2014","Lindsey Wise",NA,NA,NA,"U14USF03ORUS",0,NA,"5565AA99699C00001E8F15AD1A02F94F",NA,NA,NA,0,0,0,NA,0,0,NA,NA,NA,0,NA,0,0,NA,"Wallowa",NA,"USFS",1,NA,"Scat and Tracks DXDS_CN: 14902 CMN_OBS_CN_LINK: obsTWI217040203279",NA,"Unknown",1,0,0,0,0,0,0,0,"inside centroid of observation polygon","Erethizon dorsatum","North American Porcupine","Track","DENNY, MIKE (Experienced)",NA,2041399.527,1534372.468,170601060103
"49","ORBIC","ORBIC43","sign",2006-06-23,2006,"2000s",44.91930861,-119.7054894,"NRM",389669,1,"AMAFJ01010","Erethizon dorsatum","Common porcupine",0,"faed724e-7ca9-11e4-ab43-f8b156a11174",389669,1,"AMAFJ01010","Erethizon dorsatum","Common porcupine",0,"6/23/2006","faed724e-7ca9-11e4-ab43-f8b156a11174",NA,NA,"12/5/2014","Lindsey Wise",NA,NA,NA,"U14USF03ORUS",0,NA,"5565AA99699C00001E8F15AD8A0E58A2",NA,NA,NA,0,0,0,NA,0,0,NA,NA,NA,0,NA,0,0,NA,"Wheeler",NA,"USFS",1,NA,"DXDS_CN: 14902 CMN_OBS_CN_LINK: obsTWI11262880170",NA,"Unknown",1,0,0,0,0,0,0,0,"inside centroid of observation polygon","Erethizon dorsatum","North American Porcupine","Excrement","DENNY, MIKE (Experienced), DAVID, AARON (Unknown)",NA,1518110.079,1156221.116,170702040103
"50","ORBIC","ORBIC44","camera",2011-01-09,2011,"2010s",43.34695515,-122.0719019,"misc",397095,3,"AMAFJ01010","Erethizon dorsatum","Common porcupine",0,"fbafb0d8-7ca9-11e4-a84a-f8b156a11174",397095,3,"AMAFJ01010","Erethizon dorsatum","Common porcupine",0,"1/9/2011","fbafb0d8-7ca9-11e4-a84a-f8b156a11174",NA,NA,"12/5/2014","Lindsey Wise",NA,NA,NA,"U14USF03ORUS",0,NA,"1b0f2a3c-8de7-40d2-9bb4-de35318053d4",NA,NA,NA,0,0,0,NA,0,0,NA,NA,NA,0,NA,0,0,NA,"Douglas",NA,"USFS",1,NA,NA,NA,"Unknown",1,0,0,0,0,0,0,0,"inside centroid of observation polygon","Erethizon dorsatum","North American Porcupine","Camera Set","VEALE, EMILY (Limited Experience)","FY11 Carnivore Monitoring",894261.0071,586144.1023,171003010202
"51","ORBIC","ORBIC45","sighting",1979-02-26,1979,"1970s",44.32663516,-122.5270036,"NRM",404061,0,"AMAFJ01010","Erethizon dorsatum","Common porcupine",2,"fc540707-7ca9-11e4-8382-f8b156a11174",404061,0,"AMAFJ01010","Erethizon dorsatum","Common porcupine",2,"2/26/1979","fc540707-7ca9-11e4-8382-f8b156a11174",NA,NA,"12/5/2014","Lindsey Wise",NA,NA,NA,"U14USF03ORUS",0,NA,"00000537809490806281263879004771",NA,NA,NA,300,0,0,NA,0,0,NA,NA,NA,0,NA,0,0,NA,"Linn",NA,"USFS",1,NA,"Owner R06F18D03A; SiteID 559497 VisitNo 1;  Activity? Y; Protocol Met? ;      Owner USFS;TRS: 14S 2E 26 Qtr16: ;Rem",NA,"Unknown",1,0,0,0,0,0,0,0,"inside centroid of observation polygon","Erethizon dorsatum","North American Porcupine","Visual","(MIGRATED), FRANK HUGENBERGER (Unknown)",NA,782055.4418,945740.1741,170900060502
"52","ORBIC","ORBIC46","sighting",1979-07-10,1979,"1970s",44.12236264,-122.2611798,"NRM",406427,0,"AMAFJ01010","Erethizon dorsatum","Common porcupine",2,"fc8aceca-7ca9-11e4-8022-f8b156a11174",406427,0,"AMAFJ01010","Erethizon dorsatum","Common porcupine",2,"7/10/1979","fc8aceca-7ca9-11e4-8022-f8b156a11174",NA,NA,"12/5/2014","Lindsey Wise",NA,NA,NA,"U14USF03ORUS",0,NA,"00000559207488553081263879003172",NA,NA,NA,300,0,0,NA,0,0,NA,NA,NA,0,NA,0,0,NA,"Lane",NA,"USFS",1,NA,"LARGE FAT ""PORKIE"" JUST WALKING ON THE RD  LARGE FAT ""PORKIE"" JUST WALKING ON THE RDOwner R06F18D01A; SiteID 558479 VisitNo 1;  Activity? Y; Protocol Met? ; Site Status is Active;     Owner ;TRS: 17S 5E 6 Qtr16: ;Remarks: REF NU",NA,"Unknown",1,0,0,0,0,0,0,0,"inside centroid of observation polygon","Erethizon dorsatum","North American Porcupine","Visual","(MIGRATED), ALAN DOHMEN, R BUCKBERG (Unknown)",NA,849988.3807,869702.0155,170900040307
"53","ORBIC","ORBIC47","carcass",1997-09-24,1997,"1990s",44.40921603,-122.0561726,"NRM",408849,1,"AMAFJ01010","Erethizon dorsatum","Common porcupine",2,"fcc650eb-7ca9-11e4-ab7e-f8b156a11174",408849,1,"AMAFJ01010","Erethizon dorsatum","Common porcupine",2,"9/24/1997","fcc650eb-7ca9-11e4-ab7e-f8b156a11174",NA,NA,"12/5/2014","Lindsey Wise",NA,NA,NA,"U14USF03ORUS",0,NA,"00000575244491756081263879004958",NA,NA,NA,60,0,0,NA,0,0,NA,NA,NA,0,NA,0,0,NA,"Linn",NA,"USFS",1,NA,"Species Condition is Dead;  ROAD-KILLSpecies Condition is Dead;  ROAD-KILLOwner R06F18D03A; SiteID 559690 VisitNo 1;  Activity? Y; Protocol Met? ;      Elev 3100 ft;Owner USFS;TRS: 13S 6E 26 Qtr16: NWSE;Plan Area: 5A Acres Remarks: JCT OF HWY 20 AND",NA,"Unknown",1,0,0,0,0,0,0,0,"inside centroid of observation polygon","Erethizon dorsatum","North American Porcupine","Visual","(MIGRATED), M.ARAKI (Experienced)",NA,905781.4834,973145.9172,170900040202
"54","ORBIC","ORBIC48","carcass",2004-10-01,2004,"2000s",42.43109201,-121.2957645,"misc",656087,2,"AMAFJ01010","Erethizon dorsatum","Common porcupine",2,"bfd44a7c-3543-11e5-bda6-f8b156a11174",562291,2,"AMAFJ01010","Erethizon dorsatum","Common porcupine",2,"10/1/2004","bfd44a7c-3543-11e5-bda6-f8b156a11174","1/7/2015","Arthur Rodriguez","7/28/2015","Lindsey Wise",NA,NA,NA,"U13ODF02ORUS",0,"124-04",NA,NA,NA,"Not collected ~ 30 pound individual",0,0,0,0,0,0,0,0,"36S 12E",21,"SE",0,0,"Klamath",NA,"Edited location information, township and range fields; only month and year provided","ODFW",1,NA,"dead",NA,NA,1,0,0,0,0,0,0,0,"point coordinates","Erethizon dorsatum","American Porcupine",NA,"BDB","Oregon scientific taking permit annual reports, 2002-2013.",1097444.255,249361.439,180102020706
